Day of Created At,Id,Type,courses_count
"11 February, 2017",137,professor,0
"11 February, 2017",715,professor,0
"11 February, 2017",722,professor,0
"11 February, 2017",729,professor,0
"11 February, 2017",739,professor,0
"11 February, 2017",899,professor,0
"11 February, 2017",913,professor,0
"11 February, 2017",927,professor,0
"11 February, 2017",939,professor,0
"11 February, 2017",960,professor,0
"11 February, 2017",962,professor,0
"11 February, 2017",1109,professor,0
"11 February, 2017",1135,professor,0
"11 February, 2017",1207,professor,0
"11 February, 2017",1239,professor,0
"11 February, 2017",1298,professor,0
"11 February, 2017",1353,professor,0
"11 February, 2017",1389,professor,0
"11 February, 2017",1513,professor,0
"11 February, 2017",1516,professor,0
"11 February, 2017",1619,professor,0
"11 February, 2017",1620,professor,0
"11 February, 2017",1725,professor,0
"11 February, 2017",1739,professor,0
"11 February, 2017",1797,professor,0
"11 February, 2017",1830,professor,0
"11 February, 2017",1879,professor,0
"11 February, 2017",1956,professor,0
"11 February, 2017",2289,professor,1
"11 February, 2017",2424,professor,0
"11 February, 2017",2527,professor,0
"11 February, 2017",2568,professor,0
"11 February, 2017",2731,professor,0
"11 February, 2017",2762,professor,0
"11 February, 2017",2793,professor,0
"11 February, 2017",2860,professor,0
"11 February, 2017",2906,professor,0
"11 February, 2017",2916,professor,0
"11 February, 2017",2951,professor,0
"11 February, 2017",2952,professor,0
"11 February, 2017",2954,professor,0
"11 February, 2017",2976,professor,0
"11 February, 2017",2990,professor,3
"11 February, 2017",3332,professor,0
"11 February, 2017",3453,professor,0
"11 February, 2017",3489,professor,0
"11 February, 2017",3514,professor,0
"11 February, 2017",3605,professor,0
"11 February, 2017",3649,professor,0
"11 February, 2017",3686,professor,0
"11 February, 2017",3702,professor,0
"11 February, 2017",3732,professor,0
"11 February, 2017",3813,professor,0
"11 February, 2017",3944,professor,0
"11 February, 2017",3992,professor,0
"11 February, 2017",4095,professor,0
"11 February, 2017",4109,professor,2
"11 February, 2017",4230,professor,0
"11 February, 2017",4402,professor,0
"11 February, 2017",4573,professor,0
"11 February, 2017",4638,professor,0
"11 February, 2017",4671,professor,0
"11 February, 2017",4701,professor,0
"11 February, 2017",4706,professor,0
"11 February, 2017",4752,professor,0
"11 February, 2017",4780,professor,0
"11 February, 2017",4797,professor,3
"11 February, 2017",4821,professor,2
"11 February, 2017",4828,professor,0
"11 February, 2017",4877,professor,12
"11 February, 2017",4891,professor,0
"11 February, 2017",5030,professor,0
"11 February, 2017",5055,professor,0
"11 February, 2017",5065,professor,3
"11 February, 2017",5074,professor,0
"11 February, 2017",5148,professor,3
"11 February, 2017",5149,professor,0
"11 February, 2017",5159,professor,0
"11 February, 2017",5169,professor,0
"11 February, 2017",5170,professor,1
"11 February, 2017",5177,professor,0
"11 February, 2017",5205,professor,0
"11 February, 2017",5265,professor,0
"11 February, 2017",5283,professor,0
"11 February, 2017",5311,professor,0
"11 February, 2017",5315,professor,0
"11 February, 2017",5318,professor,9
"11 February, 2017",5393,professor,1
"11 February, 2017",5429,professor,2
"11 February, 2017",5448,professor,0
"11 February, 2017",5453,professor,0
"11 February, 2017",5493,professor,0
"11 February, 2017",5495,professor,1
"11 February, 2017",5545,professor,0
"11 February, 2017",5568,professor,0
"11 February, 2017",5633,professor,1
"11 February, 2017",5728,professor,3
"11 February, 2017",5758,professor,0
"11 February, 2017",5867,professor,0
"11 February, 2017",6047,professor,0
"11 February, 2017",6178,professor,0
"11 February, 2017",6268,professor,0
"11 February, 2017",6273,professor,1
"11 February, 2017",6299,professor,0
"11 February, 2017",6318,professor,1
"11 February, 2017",6342,professor,0
"11 February, 2017",6404,professor,2
"11 February, 2017",6423,professor,1
"11 February, 2017",6427,professor,0
"11 February, 2017",6435,professor,0
"11 February, 2017",6476,professor,0
"11 February, 2017",6481,professor,0
"11 February, 2017",6489,professor,1
"13 February, 2017",6533,professor,0
"13 February, 2017",6549,professor,0
"13 February, 2017",6555,professor,0
"13 February, 2017",6560,professor,1
"13 February, 2017",6585,professor,0
"13 February, 2017",6591,professor,0
"13 February, 2017",6631,professor,0
"13 February, 2017",6647,professor,3
"13 February, 2017",6663,professor,0
"13 February, 2017",6733,professor,0
"13 February, 2017",6754,professor,0
"13 February, 2017",6772,professor,0
"13 February, 2017",6797,professor,0
"13 February, 2017",6837,professor,1
"13 February, 2017",6838,professor,0
"13 February, 2017",6850,professor,0
"13 February, 2017",6897,professor,0
"13 February, 2017",6913,professor,0
"13 February, 2017",6918,professor,0
"13 February, 2017",6924,professor,0
"13 February, 2017",6988,professor,0
"13 February, 2017",6997,professor,0
"13 February, 2017",7009,professor,3
"13 February, 2017",7082,professor,0
"13 February, 2017",7256,professor,0
"13 February, 2017",7278,professor,0
"13 February, 2017",7386,professor,0
"13 February, 2017",7616,professor,7
"13 February, 2017",7665,professor,0
"13 February, 2017",7694,professor,0
"20 February, 2017",7820,professor,0
"20 February, 2017",7844,professor,0
"20 February, 2017",7891,professor,0
"21 February, 2017",7909,professor,1
"21 February, 2017",7911,professor,0
"21 February, 2017",7916,professor,0
"21 February, 2017",7919,professor,4
"21 February, 2017",7937,professor,0
"22 February, 2017",7961,professor,0
"23 February, 2017",7969,professor,1
"23 February, 2017",7977,professor,0
"24 February, 2017",8003,professor,2
"25 February, 2017",8007,professor,2
"25 February, 2017",8019,professor,1
"27 February, 2017",8048,professor,0
"27 February, 2017",8054,professor,0
"27 February, 2017",8058,professor,0
"28 February, 2017",8067,professor,1
"28 February, 2017",8070,professor,1
"28 February, 2017",8084,professor,1
"1 March, 2017",8107,professor,0
"1 March, 2017",8109,professor,0
"1 March, 2017",8111,professor,1
"2 March, 2017",8122,professor,1
"2 March, 2017",8127,professor,2
"2 March, 2017",8145,professor,0
"3 March, 2017",8153,professor,0
"3 March, 2017",8154,professor,0
"4 March, 2017",8188,professor,0
"5 March, 2017",8209,professor,0
"6 March, 2017",8216,professor,0
"6 March, 2017",8217,professor,1
"6 March, 2017",8227,professor,0
"6 March, 2017",8229,professor,4
"7 March, 2017",8250,professor,0
"7 March, 2017",8268,professor,0
"7 March, 2017",8269,professor,0
"7 March, 2017",8270,professor,0
"7 March, 2017",8272,professor,2
"7 March, 2017",8276,professor,0
"7 March, 2017",8280,professor,2
"7 March, 2017",8290,professor,1
"7 March, 2017",8292,professor,3
"8 March, 2017",8307,professor,0
"8 March, 2017",8313,professor,0
"8 March, 2017",8317,professor,4
"8 March, 2017",8318,professor,1
"8 March, 2017",8322,professor,0
"8 March, 2017",8325,professor,12
"9 March, 2017",8337,professor,0
"9 March, 2017",8340,professor,2
"9 March, 2017",8341,professor,0
"9 March, 2017",8342,professor,0
"9 March, 2017",8343,professor,0
"9 March, 2017",8346,professor,1
"9 March, 2017",8347,professor,0
"10 March, 2017",8370,professor,0
"10 March, 2017",8376,professor,2
"11 March, 2017",8385,professor,1
"11 March, 2017",8386,professor,1
"11 March, 2017",8388,professor,0
"11 March, 2017",8389,professor,0
"12 March, 2017",8393,professor,1
"13 March, 2017",8395,professor,2
"13 March, 2017",8401,professor,0
"13 March, 2017",8403,professor,7
"13 March, 2017",8404,professor,1
"13 March, 2017",8416,professor,2
"13 March, 2017",8417,professor,0
"14 March, 2017",8424,professor,1
"14 March, 2017",8434,professor,1
"14 March, 2017",8436,professor,0
"15 March, 2017",8441,professor,0
"15 March, 2017",8443,professor,0
"15 March, 2017",8450,professor,1
"15 March, 2017",8451,professor,0
"15 March, 2017",8458,professor,0
"16 March, 2017",8462,professor,0
"16 March, 2017",8477,professor,1
"16 March, 2017",8479,professor,2
"16 March, 2017",8489,professor,6
"16 March, 2017",8492,professor,1
"16 March, 2017",8503,professor,5
"17 March, 2017",8522,professor,1
"17 March, 2017",8524,professor,1
"17 March, 2017",8534,professor,0
"17 March, 2017",8538,professor,0
"17 March, 2017",8542,professor,0
"17 March, 2017",8546,professor,0
"17 March, 2017",8548,professor,0
"17 March, 2017",8552,professor,5
"17 March, 2017",8554,professor,5
"17 March, 2017",8557,professor,0
"18 March, 2017",8558,professor,0
"20 March, 2017",8570,professor,0
"20 March, 2017",8574,professor,3
"20 March, 2017",8576,professor,9
"20 March, 2017",8578,professor,5
"20 March, 2017",8580,professor,0
"20 March, 2017",8584,professor,0
"21 March, 2017",8587,professor,0
"21 March, 2017",8588,professor,0
"21 March, 2017",8591,professor,0
"21 March, 2017",8593,professor,0
"21 March, 2017",8594,professor,1
"21 March, 2017",8596,professor,0
"21 March, 2017",8602,professor,1
"21 March, 2017",8604,professor,1
"22 March, 2017",8605,professor,9
"22 March, 2017",8606,professor,4
"22 March, 2017",8614,professor,0
"22 March, 2017",8615,professor,1
"22 March, 2017",8616,professor,2
"22 March, 2017",8618,professor,1
"23 March, 2017",8628,professor,1
"23 March, 2017",8631,professor,0
"23 March, 2017",8632,professor,0
"23 March, 2017",8649,professor,1
"23 March, 2017",8652,professor,1
"24 March, 2017",8661,professor,2
"24 March, 2017",8666,professor,3
"24 March, 2017",8668,professor,2
"25 March, 2017",8672,professor,1
"25 March, 2017",8678,professor,1
"26 March, 2017",8679,professor,0
"27 March, 2017",8688,professor,0
"27 March, 2017",8692,professor,1
"27 March, 2017",8706,professor,1
"28 March, 2017",8712,professor,0
"28 March, 2017",8718,professor,0
"28 March, 2017",8719,professor,3
"28 March, 2017",8724,professor,4
"28 March, 2017",8728,professor,0
"29 March, 2017",8734,professor,0
"29 March, 2017",8738,professor,1
"29 March, 2017",8741,professor,0
"29 March, 2017",8743,professor,1
"29 March, 2017",8748,professor,0
"29 March, 2017",8753,professor,0
"29 March, 2017",8755,professor,1
"29 March, 2017",8762,professor,1
"29 March, 2017",8767,professor,2
"29 March, 2017",8770,professor,0
"30 March, 2017",8802,professor,1
"30 March, 2017",8804,professor,0
"30 March, 2017",8807,professor,0
"30 March, 2017",8808,professor,0
"30 March, 2017",8818,professor,0
"30 March, 2017",8821,professor,1
"31 March, 2017",8849,professor,0
"31 March, 2017",8859,professor,0
"31 March, 2017",8863,professor,1
"31 March, 2017",8868,professor,0
"31 March, 2017",8872,professor,1
"31 March, 2017",8875,professor,1
"31 March, 2017",8879,professor,0
"3 April, 2017",8910,professor,1
"3 April, 2017",8912,professor,2
"3 April, 2017",8917,professor,0
"3 April, 2017",8944,professor,0
"3 April, 2017",8957,professor,0
"4 April, 2017",8959,professor,1
"4 April, 2017",8968,professor,2
"4 April, 2017",8971,professor,1
"4 April, 2017",8974,professor,0
"4 April, 2017",8978,professor,5
"4 April, 2017",8980,professor,0
"4 April, 2017",8982,professor,1
"4 April, 2017",8987,professor,1
"4 April, 2017",8988,professor,1
"4 April, 2017",8990,professor,1
"5 April, 2017",8997,professor,5
"5 April, 2017",9007,professor,2
"5 April, 2017",9009,professor,0
"5 April, 2017",9010,professor,1
"6 April, 2017",9032,professor,0
"6 April, 2017",9037,professor,0
"7 April, 2017",9048,professor,2
"7 April, 2017",9053,professor,0
"7 April, 2017",9056,professor,2
"7 April, 2017",9059,professor,0
"7 April, 2017",9061,professor,1
"7 April, 2017",9063,professor,1
"7 April, 2017",9067,professor,1
"7 April, 2017",9068,professor,2
"7 April, 2017",9069,professor,1
"7 April, 2017",9070,professor,0
"7 April, 2017",9071,professor,1
"7 April, 2017",9072,professor,1
"7 April, 2017",9073,professor,1
"7 April, 2017",9075,professor,0
"7 April, 2017",9078,professor,1
"7 April, 2017",9085,professor,1
"8 April, 2017",9087,professor,1
"8 April, 2017",9090,professor,1
"8 April, 2017",9092,professor,2
"10 April, 2017",9115,professor,1
"10 April, 2017",9116,professor,3
"10 April, 2017",9117,professor,2
"10 April, 2017",9118,professor,0
"10 April, 2017",9127,professor,1
"10 April, 2017",9128,professor,5
"11 April, 2017",9136,professor,1
"11 April, 2017",9138,professor,0
"11 April, 2017",9141,professor,2
"11 April, 2017",9143,professor,5
"11 April, 2017",9152,professor,1
"12 April, 2017",9160,professor,1
"12 April, 2017",9161,professor,0
"12 April, 2017",9167,professor,0
"12 April, 2017",9168,professor,1
"12 April, 2017",9174,professor,2
"13 April, 2017",9178,professor,1
"13 April, 2017",9192,professor,2
"14 April, 2017",9214,professor,3
"15 April, 2017",9217,professor,2
"16 April, 2017",9222,professor,2
"17 April, 2017",9224,professor,1
"17 April, 2017",9228,professor,2
"18 April, 2017",9248,professor,1
"18 April, 2017",9252,professor,0
"18 April, 2017",9258,professor,1
"18 April, 2017",9266,professor,0
"19 April, 2017",9273,professor,0
"19 April, 2017",9283,professor,0
"20 April, 2017",9290,professor,0
"20 April, 2017",9293,professor,2
"20 April, 2017",9294,professor,1
"20 April, 2017",9296,professor,9
"21 April, 2017",9303,professor,1
"21 April, 2017",9304,professor,7
"21 April, 2017",9311,professor,6
"21 April, 2017",9313,professor,2
"22 April, 2017",9318,professor,0
"23 April, 2017",9324,professor,0
"24 April, 2017",9328,professor,0
"24 April, 2017",9330,professor,0
"24 April, 2017",9333,professor,0
"25 April, 2017",9339,professor,0
"25 April, 2017",9346,professor,1
"26 April, 2017",9358,professor,1
"26 April, 2017",9370,professor,0
"26 April, 2017",9385,professor,0
"26 April, 2017",9387,professor,1
"27 April, 2017",9392,professor,1
"27 April, 2017",9398,professor,0
"27 April, 2017",9401,professor,1
"27 April, 2017",9403,professor,4
"27 April, 2017",9414,professor,3
"28 April, 2017",9423,professor,1
"28 April, 2017",9428,professor,14
"28 April, 2017",9435,professor,1
"29 April, 2017",9436,professor,1
"30 April, 2017",9444,professor,1
"1 May, 2017",9449,professor,0
"1 May, 2017",9450,professor,0
"1 May, 2017",9453,professor,2
"2 May, 2017",9469,professor,0
"2 May, 2017",9470,professor,1
"4 May, 2017",9531,professor,0
"4 May, 2017",9532,professor,0
"4 May, 2017",9539,professor,0
"4 May, 2017",9541,professor,1
"5 May, 2017",9542,professor,2
"5 May, 2017",9554,professor,4
"5 May, 2017",9556,professor,0
"8 May, 2017",9601,professor,1
"9 May, 2017",9613,professor,1
"9 May, 2017",9672,professor,29
"10 May, 2017",9683,professor,0
"10 May, 2017",9690,professor,7
"10 May, 2017",9697,professor,0
"10 May, 2017",9698,professor,0
"11 May, 2017",9707,professor,0
"11 May, 2017",9722,professor,0
"11 May, 2017",9728,professor,1
"11 May, 2017",9730,professor,0
"11 May, 2017",9732,professor,4
"12 May, 2017",9816,professor,0
"12 May, 2017",9821,professor,0
"12 May, 2017",9825,professor,1
"12 May, 2017",9842,professor,1
"15 May, 2017",9873,professor,0
"15 May, 2017",9874,professor,3
"15 May, 2017",9876,professor,2
"15 May, 2017",9877,professor,0
"15 May, 2017",9879,professor,0
"15 May, 2017",9880,professor,1
"15 May, 2017",9885,professor,1
"16 May, 2017",9903,professor,0
"16 May, 2017",9912,professor,2
"17 May, 2017",9933,professor,0
"17 May, 2017",9935,professor,1
"17 May, 2017",9937,professor,1
"17 May, 2017",9943,professor,0
"18 May, 2017",9955,professor,0
"18 May, 2017",9958,professor,0
"18 May, 2017",9959,professor,1
"18 May, 2017",9963,professor,0
"18 May, 2017",9973,professor,1
"19 May, 2017",9977,professor,0
"19 May, 2017",9979,professor,0
"19 May, 2017",9980,professor,2
"19 May, 2017",9981,professor,0
"19 May, 2017",9982,professor,0
"19 May, 2017",9983,professor,3
"20 May, 2017",9991,professor,1
"21 May, 2017",9994,professor,3
"23 May, 2017",10002,professor,2
"23 May, 2017",10004,professor,0
"23 May, 2017",10012,professor,2
"23 May, 2017",10013,professor,0
"24 May, 2017",10021,professor,5
"24 May, 2017",10023,professor,0
"24 May, 2017",10028,professor,2
"24 May, 2017",10029,professor,0
"24 May, 2017",10031,professor,1
"24 May, 2017",10041,professor,0
"24 May, 2017",10045,professor,2
"25 May, 2017",10061,professor,3
"25 May, 2017",10062,professor,3
"25 May, 2017",10067,professor,2
"26 May, 2017",10086,professor,0
"26 May, 2017",10087,professor,0
"26 May, 2017",10088,professor,1
"27 May, 2017",10098,professor,1
"29 May, 2017",10109,professor,1
"30 May, 2017",10117,professor,1
"30 May, 2017",10120,professor,0
"30 May, 2017",10121,professor,0
"30 May, 2017",10126,professor,0
"30 May, 2017",10127,professor,0
"30 May, 2017",10128,professor,1
"31 May, 2017",10141,professor,3
"31 May, 2017",10144,professor,0
"31 May, 2017",10153,professor,0
"31 May, 2017",10157,professor,1
"31 May, 2017",10159,professor,1
"1 June, 2017",10164,professor,0
"1 June, 2017",10169,professor,0
"1 June, 2017",10170,professor,1
"1 June, 2017",10173,professor,0
"1 June, 2017",10174,professor,2
"2 June, 2017",10181,professor,0
"3 June, 2017",10194,professor,1
"5 June, 2017",10204,professor,3
"5 June, 2017",10205,professor,0
"5 June, 2017",10209,professor,1
"6 June, 2017",10216,professor,4
"6 June, 2017",10227,professor,45
"6 June, 2017",10228,professor,0
"7 June, 2017",10246,professor,2
"7 June, 2017",10254,professor,0
"7 June, 2017",10258,professor,0
"7 June, 2017",10261,professor,0
"7 June, 2017",10266,professor,1
"7 June, 2017",10268,professor,2
"8 June, 2017",10275,professor,3
"8 June, 2017",10276,professor,0
"8 June, 2017",10283,professor,1
"9 June, 2017",10290,professor,1
"9 June, 2017",10301,professor,0
"9 June, 2017",10302,professor,1
"10 June, 2017",10303,professor,1
"10 June, 2017",10308,professor,1
"11 June, 2017",10311,professor,2
"12 June, 2017",10315,professor,0
"12 June, 2017",10316,professor,4
"12 June, 2017",10317,professor,1
"12 June, 2017",10318,professor,1
"12 June, 2017",10319,professor,0
"12 June, 2017",10320,professor,2
"12 June, 2017",10321,professor,2
"12 June, 2017",10323,professor,3
"12 June, 2017",10327,professor,2
"12 June, 2017",10330,professor,0
"13 June, 2017",10331,professor,6
"13 June, 2017",10334,professor,2
"13 June, 2017",10336,professor,5
"13 June, 2017",10337,professor,0
"13 June, 2017",10339,professor,5
"13 June, 2017",10342,professor,4
"13 June, 2017",10343,professor,0
"13 June, 2017",10344,professor,9
"13 June, 2017",10350,professor,2
"14 June, 2017",10360,professor,1
"14 June, 2017",10386,professor,1
"14 June, 2017",10401,professor,1
"14 June, 2017",10408,professor,5
"14 June, 2017",10409,professor,0
"14 June, 2017",10410,professor,0
"15 June, 2017",10413,professor,4
"15 June, 2017",10414,professor,1
"15 June, 2017",10415,professor,2
"15 June, 2017",10419,professor,3
"19 June, 2017",10443,professor,0
"19 June, 2017",10444,professor,8
"19 June, 2017",10445,professor,0
"19 June, 2017",10446,professor,2
"20 June, 2017",10448,professor,3
"20 June, 2017",10451,professor,2
"20 June, 2017",10452,professor,1
"20 June, 2017",10455,professor,1
"20 June, 2017",10456,professor,2
"21 June, 2017",10462,professor,1
"21 June, 2017",10466,professor,2
"21 June, 2017",10467,professor,0
"22 June, 2017",10480,professor,2
"22 June, 2017",10484,professor,1
"23 June, 2017",10492,professor,0
"24 June, 2017",10501,professor,4
"25 June, 2017",10504,professor,0
"25 June, 2017",10505,professor,2
"26 June, 2017",10512,professor,5
"26 June, 2017",10521,professor,0
"27 June, 2017",10529,professor,0
"27 June, 2017",10531,professor,1
"27 June, 2017",10542,professor,3
"28 June, 2017",10547,professor,0
"28 June, 2017",10549,professor,1
"28 June, 2017",10550,professor,3
"29 June, 2017",10558,professor,2
"30 June, 2017",10568,professor,1
"30 June, 2017",10573,professor,3
"30 June, 2017",10577,professor,4
"1 July, 2017",10579,professor,2
"1 July, 2017",10581,professor,0
"2 July, 2017",10582,professor,0
"2 July, 2017",10583,professor,9
"2 July, 2017",10584,professor,0
"3 July, 2017",10592,professor,3
"4 July, 2017",10594,professor,3
"5 July, 2017",10598,professor,0
"5 July, 2017",10600,professor,4
"5 July, 2017",10602,professor,3
"5 July, 2017",10604,professor,1
"6 July, 2017",10622,professor,1
"7 July, 2017",10633,professor,1
"7 July, 2017",10642,professor,1
"8 July, 2017",10649,professor,1
"9 July, 2017",10659,professor,4
"9 July, 2017",10662,professor,5
"10 July, 2017",10671,professor,3
"10 July, 2017",10676,professor,0
"10 July, 2017",10678,professor,3
"10 July, 2017",10680,professor,1
"10 July, 2017",10683,professor,1
"10 July, 2017",10684,professor,2
"10 July, 2017",10697,professor,1
"11 July, 2017",10708,professor,1
"11 July, 2017",10714,professor,2
"11 July, 2017",10717,professor,1
"11 July, 2017",10718,professor,2
"11 July, 2017",10725,professor,1
"12 July, 2017",10736,professor,6
"12 July, 2017",10737,professor,5
"13 July, 2017",10752,professor,0
"13 July, 2017",10757,professor,0
"13 July, 2017",10759,professor,0
"14 July, 2017",10780,professor,4
"14 July, 2017",10799,professor,2
"15 July, 2017",10802,professor,1
"17 July, 2017",10814,professor,2
"17 July, 2017",10824,professor,2
"18 July, 2017",10835,professor,1
"18 July, 2017",10836,professor,6
"18 July, 2017",10839,professor,0
"18 July, 2017",10848,professor,1
"18 July, 2017",10849,professor,0
"18 July, 2017",10851,professor,2
"18 July, 2017",10852,professor,1
"18 July, 2017",10854,professor,0
"18 July, 2017",10856,professor,1
"18 July, 2017",10858,professor,5
"20 July, 2017",10876,professor,7
"20 July, 2017",10883,professor,3
"21 July, 2017",10886,professor,2
"21 July, 2017",10888,professor,1
"23 July, 2017",10897,professor,4
"24 July, 2017",10902,professor,2
"24 July, 2017",10903,professor,1
"24 July, 2017",10906,professor,0
"24 July, 2017",10908,professor,0
"24 July, 2017",10909,professor,3
"24 July, 2017",10911,professor,4
"24 July, 2017",10916,professor,1
"25 July, 2017",10928,professor,0
"25 July, 2017",10931,professor,0
"25 July, 2017",10934,professor,0
"25 July, 2017",10938,professor,7
"26 July, 2017",10944,professor,1
"26 July, 2017",10945,professor,6
"27 July, 2017",10974,professor,5
"28 July, 2017",10987,professor,2
"29 July, 2017",10991,professor,1
"31 July, 2017",10996,professor,2
"31 July, 2017",10998,professor,2
"31 July, 2017",10999,professor,1
"31 July, 2017",11006,professor,1
"31 July, 2017",11008,professor,0
"1 August, 2017",11031,professor,1
"1 August, 2017",11033,professor,1
"2 August, 2017",11036,professor,1
"2 August, 2017",11039,professor,0
"2 August, 2017",11044,professor,2
"2 August, 2017",11048,professor,2
"2 August, 2017",11054,professor,2
"4 August, 2017",11090,professor,2
"4 August, 2017",11097,professor,0
"6 August, 2017",11117,professor,0
"8 August, 2017",11129,professor,12
"8 August, 2017",11132,professor,2
"8 August, 2017",11133,professor,1
"8 August, 2017",11150,professor,0
"9 August, 2017",11154,professor,1
"9 August, 2017",11157,professor,1
"9 August, 2017",11166,professor,3
"9 August, 2017",11172,professor,0
"9 August, 2017",11179,professor,0
"10 August, 2017",11182,professor,1
"10 August, 2017",11194,professor,1
"11 August, 2017",11206,professor,1
"11 August, 2017",11208,professor,2
"11 August, 2017",11211,professor,1
"11 August, 2017",11214,professor,5
"14 August, 2017",11240,professor,1
"14 August, 2017",11242,professor,3
"14 August, 2017",11255,professor,2
"14 August, 2017",11257,professor,4
"14 August, 2017",11258,professor,0
"15 August, 2017",11277,professor,3
"15 August, 2017",11279,professor,5
"18 August, 2017",11369,professor,0
"20 August, 2017",11376,professor,1
"21 August, 2017",11383,professor,1
"23 August, 2017",11501,professor,0
"28 August, 2017",11589,professor,0
"29 August, 2017",11634,professor,2
"29 August, 2017",11650,professor,1
"30 August, 2017",11676,professor,0
"30 August, 2017",11725,professor,0
"30 August, 2017",11769,professor,0
"30 August, 2017",11770,professor,0
"30 August, 2017",11791,professor,0
"31 August, 2017",11797,professor,0
"31 August, 2017",11809,professor,0
"31 August, 2017",11819,professor,1
"31 August, 2017",11824,professor,1
"1 September, 2017",11838,professor,2
"1 September, 2017",11846,professor,0
"1 September, 2017",11847,professor,1
"1 September, 2017",11854,professor,0
"2 September, 2017",11861,professor,0
"4 September, 2017",11878,professor,0
"6 September, 2017",11945,professor,1
"6 September, 2017",11957,professor,0
"7 September, 2017",12005,professor,1
"7 September, 2017",12007,professor,1
"8 September, 2017",12047,professor,1
"8 September, 2017",12055,professor,1
"9 September, 2017",12072,professor,1
"11 September, 2017",12097,professor,1
"12 September, 2017",12237,professor,0
"12 September, 2017",12306,professor,0
"12 September, 2017",12308,professor,1
"13 September, 2017",12434,professor,0
"14 September, 2017",12457,professor,0
"14 September, 2017",12502,professor,2
"18 September, 2017",12748,professor,1
"19 September, 2017",12849,professor,0
"19 September, 2017",12850,professor,2
"19 September, 2017",12890,professor,2
"20 September, 2017",12926,professor,2
"20 September, 2017",13040,professor,0
"21 September, 2017",13100,professor,0
"22 September, 2017",13226,professor,0
"26 September, 2017",13370,professor,0
"26 September, 2017",13398,professor,1
"27 September, 2017",13423,professor,6
"29 September, 2017",13638,professor,0
"29 September, 2017",13650,professor,0
"2 October, 2017",13717,professor,0
"3 October, 2017",13775,professor,1
"3 October, 2017",13781,professor,0
"3 October, 2017",13801,professor,2
"3 October, 2017",13908,professor,2
"4 October, 2017",13928,professor,0
"4 October, 2017",13938,professor,1
"4 October, 2017",13946,professor,2
"4 October, 2017",13966,professor,0
"5 October, 2017",14002,professor,0
"5 October, 2017",14003,professor,0
"5 October, 2017",14005,professor,1
"5 October, 2017",14008,professor,5
"5 October, 2017",14013,professor,1
"6 October, 2017",14050,professor,0
"7 October, 2017",14065,professor,0
"9 October, 2017",14087,professor,3
"11 October, 2017",14167,professor,0
"11 October, 2017",14169,professor,0
"13 October, 2017",14255,professor,3
"15 October, 2017",14341,professor,0
"16 October, 2017",14360,professor,1
"16 October, 2017",14361,professor,2
"17 October, 2017",14371,professor,0
"17 October, 2017",14374,professor,1
"18 October, 2017",14381,professor,0
"18 October, 2017",14396,professor,0
"18 October, 2017",14397,professor,0
"18 October, 2017",14400,professor,0
"18 October, 2017",14406,professor,2
"19 October, 2017",14454,professor,1
"20 October, 2017",14479,professor,0
"20 October, 2017",14482,professor,3
"21 October, 2017",14510,professor,1
"23 October, 2017",14524,professor,0
"23 October, 2017",14525,professor,2
"23 October, 2017",14526,professor,1
"24 October, 2017",14530,professor,0
"24 October, 2017",14548,professor,1
"24 October, 2017",14549,professor,2
"24 October, 2017",14550,professor,3
"25 October, 2017",14564,professor,0
"26 October, 2017",14581,professor,0
"26 October, 2017",14585,professor,1
"26 October, 2017",14587,professor,2
"27 October, 2017",14592,professor,1
"27 October, 2017",14593,professor,0
"27 October, 2017",14596,professor,0
"27 October, 2017",14597,professor,0
"27 October, 2017",14601,professor,1
"29 October, 2017",14609,professor,2
"29 October, 2017",14611,professor,2
"30 October, 2017",14614,professor,3
"30 October, 2017",14615,professor,0
"30 October, 2017",14616,professor,0
"31 October, 2017",14626,professor,0
"31 October, 2017",14631,professor,3
"1 November, 2017",14668,professor,1
"1 November, 2017",14669,professor,0
"1 November, 2017",14679,professor,0
"2 November, 2017",14684,professor,1
"2 November, 2017",14685,professor,0
"2 November, 2017",14686,professor,0
"2 November, 2017",14689,professor,0
"3 November, 2017",14700,professor,1
"3 November, 2017",14702,professor,1
"3 November, 2017",14706,professor,0
"3 November, 2017",14709,professor,1
"3 November, 2017",14713,professor,0
"3 November, 2017",14715,professor,1
"6 November, 2017",14742,professor,0
"6 November, 2017",14746,professor,0
"6 November, 2017",14752,professor,5
"7 November, 2017",14789,professor,1
"7 November, 2017",14792,professor,0
"7 November, 2017",14793,professor,0
"8 November, 2017",14797,professor,1
"8 November, 2017",14801,professor,1
"8 November, 2017",14804,professor,2
"9 November, 2017",14813,professor,0
"9 November, 2017",14817,professor,0
"9 November, 2017",14818,professor,0
"9 November, 2017",14820,professor,4
"9 November, 2017",14821,professor,1
"9 November, 2017",14822,professor,1
"9 November, 2017",14825,professor,2
"10 November, 2017",14835,professor,1
"10 November, 2017",14840,professor,0
"10 November, 2017",14843,professor,0
"11 November, 2017",14845,professor,1
"13 November, 2017",14864,professor,0
"13 November, 2017",14868,professor,1
"15 November, 2017",14882,professor,2
"15 November, 2017",14883,professor,0
"15 November, 2017",14905,professor,0
"16 November, 2017",14908,professor,0
"17 November, 2017",14912,professor,0
"17 November, 2017",14915,professor,0
"17 November, 2017",14917,professor,0
"17 November, 2017",14918,professor,0
"19 November, 2017",14933,professor,2
"20 November, 2017",14936,professor,1
"20 November, 2017",14939,professor,0
"20 November, 2017",14942,professor,0
"20 November, 2017",14943,professor,0
"21 November, 2017",14954,professor,0
"21 November, 2017",14959,professor,0
"22 November, 2017",14968,professor,1
"22 November, 2017",14978,professor,1
"23 November, 2017",14987,professor,0
"24 November, 2017",15002,professor,0
"24 November, 2017",15006,professor,1
"25 November, 2017",15009,professor,2
"27 November, 2017",15025,professor,1
"28 November, 2017",15044,professor,2
"30 November, 2017",15058,professor,2
"30 November, 2017",15059,professor,0
"30 November, 2017",15065,professor,1
"1 December, 2017",15080,professor,3
"4 December, 2017",15092,professor,1
"4 December, 2017",15107,professor,2
"5 December, 2017",15129,professor,1
"6 December, 2017",15147,professor,0
"7 December, 2017",15174,professor,0
"12 December, 2017",15249,professor,2
"12 December, 2017",15250,professor,0
"12 December, 2017",15251,professor,1
"12 December, 2017",15253,professor,0
"12 December, 2017",15256,professor,2
"13 December, 2017",15268,professor,0
"13 December, 2017",15279,professor,0
"14 December, 2017",15286,professor,0
"14 December, 2017",15294,professor,0
"14 December, 2017",15298,professor,0
"15 December, 2017",15304,professor,1
"17 December, 2017",15317,professor,0
"20 December, 2017",15353,professor,0
"21 December, 2017",15369,professor,0
"31 December, 2017",15408,professor,1
"5 January, 2018",15444,professor,0
"8 January, 2018",15466,professor,0
"9 January, 2018",15488,professor,0
"9 January, 2018",15491,professor,0
"9 January, 2018",15513,professor,1
"9 January, 2018",15517,professor,1
"10 January, 2018",15595,professor,0
"10 January, 2018",15654,professor,8
"12 January, 2018",15853,professor,0
"15 January, 2018",15932,professor,1
"16 January, 2018",16000,professor,0
"18 January, 2018",16138,professor,1
"19 January, 2018",16201,professor,1
"19 January, 2018",16220,professor,0
"20 January, 2018",16244,professor,0
"24 January, 2018",16378,professor,2
"24 January, 2018",16470,professor,0
"26 January, 2018",16646,professor,1
"26 January, 2018",16660,professor,1
"27 January, 2018",16664,professor,0
"29 January, 2018",16775,professor,1
"30 January, 2018",16838,professor,1
"31 January, 2018",16914,professor,0
"1 February, 2018",16937,professor,0
"5 February, 2018",16997,professor,2
"5 February, 2018",17012,professor,0
"6 February, 2018",17024,professor,1
"6 February, 2018",17025,professor,3
"7 February, 2018",17060,professor,0
"9 February, 2018",17152,professor,1
"9 February, 2018",17157,professor,1
"9 February, 2018",17158,professor,0
"9 February, 2018",17160,professor,0
"9 February, 2018",17161,professor,10
"10 February, 2018",17162,professor,0
"10 February, 2018",17163,professor,2
"13 February, 2018",17215,professor,0
"13 February, 2018",17238,professor,1
"13 February, 2018",17258,professor,0
"14 February, 2018",17271,professor,2
"14 February, 2018",17274,professor,0
"14 February, 2018",17279,professor,0
"15 February, 2018",17300,professor,0
"15 February, 2018",17302,professor,3
"16 February, 2018",17336,professor,4
"21 February, 2018",17456,professor,0
"26 February, 2018",17561,professor,0
"26 February, 2018",17562,professor,0
"26 February, 2018",17563,professor,0
"26 February, 2018",17566,professor,0
"26 February, 2018",17567,professor,0
"26 February, 2018",17568,professor,0
"26 February, 2018",17569,professor,0
"26 February, 2018",17571,professor,0
"27 February, 2018",17582,professor,0
"28 February, 2018",17604,professor,26
"28 February, 2018",17613,professor,1
"1 March, 2018",17624,professor,0
"1 March, 2018",17627,professor,0
"2 March, 2018",17646,professor,0
"5 March, 2018",17676,professor,0
"5 March, 2018",17691,professor,0
"6 March, 2018",17706,professor,0
"6 March, 2018",17715,professor,0
"7 March, 2018",17722,professor,0
"7 March, 2018",17724,professor,0
"7 March, 2018",17728,professor,0
"8 March, 2018",17741,professor,1
"8 March, 2018",17764,professor,4
"9 March, 2018",17774,professor,0
"10 March, 2018",17793,professor,5
"13 March, 2018",17821,professor,2
"14 March, 2018",17841,professor,0
"14 March, 2018",17843,professor,0
"14 March, 2018",17844,professor,0
"14 March, 2018",17846,professor,0
"14 March, 2018",17850,professor,0
"14 March, 2018",17853,professor,0
"15 March, 2018",17866,professor,3
"16 March, 2018",17879,professor,0
"16 March, 2018",17997,professor,0
"19 March, 2018",18011,professor,5
"20 March, 2018",18019,professor,15
"20 March, 2018",18020,professor,2
"20 March, 2018",18023,professor,3
"20 March, 2018",18025,professor,0
"21 March, 2018",18038,professor,0
"21 March, 2018",18048,professor,0
"21 March, 2018",18051,professor,0
"21 March, 2018",18077,professor,1
"21 March, 2018",18080,professor,0
"23 March, 2018",18105,professor,0
"23 March, 2018",18129,professor,0
"24 March, 2018",18139,professor,0
"25 March, 2018",18156,professor,0
"25 March, 2018",18157,professor,0
"26 March, 2018",18165,professor,0
"26 March, 2018",18170,professor,0
"26 March, 2018",18175,professor,0
"26 March, 2018",18182,professor,0
"27 March, 2018",18206,professor,4
"27 March, 2018",18208,professor,12
"27 March, 2018",18215,professor,0
"27 March, 2018",18246,professor,3
"27 March, 2018",18248,professor,0
"29 March, 2018",18301,professor,0
"29 March, 2018",18313,professor,0
"4 April, 2018",18416,professor,0
"4 April, 2018",18446,professor,0
"5 April, 2018",18457,professor,0
"5 April, 2018",18493,professor,0
"5 April, 2018",18496,professor,3
"5 April, 2018",18499,professor,0
"6 April, 2018",18517,professor,1
"6 April, 2018",18524,professor,1
"6 April, 2018",18534,professor,0
"6 April, 2018",18558,professor,0
"6 April, 2018",18593,professor,0
"9 April, 2018",18643,professor,0
"10 April, 2018",18675,professor,0
"10 April, 2018",18677,professor,0
"10 April, 2018",18679,professor,0
"10 April, 2018",18680,professor,2
"10 April, 2018",18687,professor,0
"11 April, 2018",18690,professor,1
"11 April, 2018",18698,professor,0
"11 April, 2018",18700,professor,1
"11 April, 2018",18708,professor,0
"11 April, 2018",18712,professor,0
"12 April, 2018",18732,professor,0
"13 April, 2018",18733,professor,0
"13 April, 2018",18737,professor,0
"13 April, 2018",18738,professor,0
"13 April, 2018",18743,professor,0
"15 April, 2018",18757,professor,0
"16 April, 2018",18768,professor,0
"16 April, 2018",18780,professor,0
"17 April, 2018",18787,professor,5
"18 April, 2018",18833,professor,2
"18 April, 2018",18838,professor,1
"18 April, 2018",18840,professor,2
"18 April, 2018",18862,professor,0
"19 April, 2018",18869,professor,0
"20 April, 2018",18873,professor,0
"20 April, 2018",18876,professor,0
"20 April, 2018",18880,professor,0
"23 April, 2018",18903,professor,0
"24 April, 2018",18935,professor,1
"25 April, 2018",18938,professor,2
"25 April, 2018",18939,professor,2
"26 April, 2018",18967,professor,0
"27 April, 2018",18969,professor,0
"27 April, 2018",18970,professor,0
"27 April, 2018",18974,professor,0
"27 April, 2018",18979,professor,1
"28 April, 2018",18985,professor,2
"29 April, 2018",18986,professor,1
"29 April, 2018",18988,professor,0
"30 April, 2018",18995,professor,0
"30 April, 2018",19001,professor,0
"1 May, 2018",19020,professor,1
"1 May, 2018",19024,professor,0
"3 May, 2018",19071,professor,1
"3 May, 2018",19086,professor,1
"4 May, 2018",19093,professor,0
"4 May, 2018",19095,professor,1
"4 May, 2018",19096,professor,0
"7 May, 2018",19122,professor,0
"8 May, 2018",19151,professor,0
"8 May, 2018",19155,professor,1
"9 May, 2018",19167,professor,0
"9 May, 2018",19180,professor,0
"9 May, 2018",19185,professor,0
"10 May, 2018",19193,professor,0
"10 May, 2018",19195,professor,0
"10 May, 2018",19197,professor,1
"11 May, 2018",19212,professor,0
"11 May, 2018",19218,professor,0
"12 May, 2018",19240,professor,0
"14 May, 2018",19252,professor,0
"14 May, 2018",19256,professor,1
"14 May, 2018",19257,professor,0
"14 May, 2018",19261,professor,2
"16 May, 2018",19296,professor,3
"16 May, 2018",19313,professor,1
"17 May, 2018",19317,professor,0
"17 May, 2018",19321,professor,0
"18 May, 2018",19330,professor,0
"18 May, 2018",19344,professor,2
"18 May, 2018",19351,professor,0
"22 May, 2018",19372,professor,0
"22 May, 2018",19374,professor,4
"23 May, 2018",19386,professor,0
"23 May, 2018",19387,professor,0
"23 May, 2018",19389,professor,0
"23 May, 2018",19390,professor,0
"23 May, 2018",19391,professor,0
"24 May, 2018",19398,professor,1
"24 May, 2018",19400,professor,0
"24 May, 2018",19401,professor,0
"25 May, 2018",19430,professor,0
"25 May, 2018",19431,professor,0
"28 May, 2018",19439,professor,0
"28 May, 2018",19440,professor,0
"28 May, 2018",19442,professor,1
"28 May, 2018",19448,professor,0
"29 May, 2018",19456,professor,0
"29 May, 2018",19458,professor,0
"29 May, 2018",19459,professor,0
"29 May, 2018",19467,professor,0
"31 May, 2018",19488,professor,0
"31 May, 2018",19490,professor,0
"31 May, 2018",19491,professor,0
"31 May, 2018",19492,professor,0
"2 June, 2018",19518,professor,0
"5 June, 2018",19551,professor,0
"5 June, 2018",19552,professor,0
"5 June, 2018",19556,professor,0
"6 June, 2018",19564,professor,0
"6 June, 2018",19574,professor,0
"6 June, 2018",19583,professor,0
"7 June, 2018",19596,professor,0
"7 June, 2018",19608,professor,0
"7 June, 2018",19609,professor,0
"8 June, 2018",19613,professor,0
"8 June, 2018",19614,professor,1
"8 June, 2018",19625,professor,1
"11 June, 2018",19671,professor,2
"12 June, 2018",19686,professor,0
"14 June, 2018",19750,professor,0
"14 June, 2018",19759,professor,0
"15 June, 2018",19802,professor,0
"18 June, 2018",19835,professor,0
"18 June, 2018",19836,professor,2
"18 June, 2018",19838,professor,2
"18 June, 2018",19839,professor,0
"18 June, 2018",19844,professor,0
"19 June, 2018",19849,professor,0
"19 June, 2018",19850,professor,0
"19 June, 2018",19853,professor,0
"20 June, 2018",19865,professor,2
"22 June, 2018",19896,professor,0
"22 June, 2018",19898,professor,0
"27 June, 2018",19960,professor,0
"27 June, 2018",19961,professor,1
"27 June, 2018",19979,professor,0
"28 June, 2018",20005,professor,1
"29 June, 2018",20041,professor,0
"3 July, 2018",20066,professor,0
"3 July, 2018",20069,professor,0
"3 July, 2018",20070,professor,1
"4 July, 2018",20075,professor,0
"4 July, 2018",20081,professor,0
"4 July, 2018",20083,professor,3
"4 July, 2018",20093,professor,0
"4 July, 2018",20105,professor,2
"4 July, 2018",20107,professor,0
"4 July, 2018",20108,professor,0
"4 July, 2018",20115,professor,0
"4 July, 2018",20117,professor,0
"5 July, 2018",20128,professor,0
"5 July, 2018",20132,professor,0
"5 July, 2018",20133,professor,1
"7 July, 2018",20147,professor,0
"9 July, 2018",20151,professor,1
"10 July, 2018",20208,professor,1
"11 July, 2018",20221,professor,0
"11 July, 2018",20226,professor,1
"12 July, 2018",20286,professor,1
"13 July, 2018",20299,professor,2
"13 July, 2018",20311,professor,2
"13 July, 2018",20316,professor,0
"13 July, 2018",20317,professor,0
"16 July, 2018",20345,professor,1
"16 July, 2018",20362,professor,1
"16 July, 2018",20368,professor,1
"17 July, 2018",20382,professor,0
"17 July, 2018",20396,professor,0
"18 July, 2018",20434,professor,0
"19 July, 2018",20439,professor,0
"21 July, 2018",20748,professor,0
"23 July, 2018",20757,professor,0
"24 July, 2018",20777,professor,3
"25 July, 2018",20798,professor,1
"25 July, 2018",20800,professor,0
"26 July, 2018",20805,professor,1
"26 July, 2018",20807,professor,0
"26 July, 2018",20809,professor,0
"27 July, 2018",20838,professor,0
"27 July, 2018",20843,professor,0
"27 July, 2018",20844,professor,0
"1 August, 2018",20908,professor,1
"3 August, 2018",20937,professor,0
"3 August, 2018",20939,professor,2
"3 August, 2018",20940,professor,0
"7 August, 2018",20947,professor,3
"9 August, 2018",20956,professor,0
"9 August, 2018",20963,professor,0
"9 August, 2018",20964,professor,0
"9 August, 2018",20965,professor,0
"10 August, 2018",20967,professor,0
"13 August, 2018",20978,professor,0
"13 August, 2018",20980,professor,0
"14 August, 2018",21000,professor,1
"16 August, 2018",21022,professor,0
"16 August, 2018",21023,professor,1
"16 August, 2018",21029,professor,3
"16 August, 2018",21033,professor,1
"16 August, 2018",21035,professor,0
"16 August, 2018",21039,professor,0
"17 August, 2018",21054,professor,1
"19 August, 2018",21061,professor,0
"21 August, 2018",21080,professor,0
"23 August, 2018",21109,professor,0
"23 August, 2018",21110,professor,0
"23 August, 2018",21111,professor,0
"23 August, 2018",21112,professor,1
"24 August, 2018",21125,professor,0
"24 August, 2018",21130,professor,0
"27 August, 2018",21170,professor,1
"27 August, 2018",21173,professor,1
"28 August, 2018",21184,professor,0
"28 August, 2018",21193,professor,2
"28 August, 2018",21200,professor,1
"28 August, 2018",21201,professor,0
"29 August, 2018",21241,professor,0
"30 August, 2018",21253,professor,0
"30 August, 2018",21259,professor,0
"30 August, 2018",21263,professor,0
"30 August, 2018",21264,professor,0
"30 August, 2018",21269,professor,0
"30 August, 2018",21272,professor,2
"31 August, 2018",21273,professor,0
"31 August, 2018",21289,professor,0
"4 September, 2018",21324,professor,1
"5 September, 2018",21340,professor,0
"5 September, 2018",21350,professor,0
"5 September, 2018",21357,professor,1
"6 September, 2018",21413,professor,0
"6 September, 2018",21429,professor,0
"7 September, 2018",21452,professor,0
"7 September, 2018",21453,professor,0
"7 September, 2018",21457,professor,0
"7 September, 2018",21459,professor,1
"9 September, 2018",21479,professor,0
"11 September, 2018",21538,professor,0
"11 September, 2018",21542,professor,0
"11 September, 2018",21543,professor,0
"11 September, 2018",21550,professor,1
"12 September, 2018",21583,professor,0
"12 September, 2018",21585,professor,0
"12 September, 2018",21626,professor,0
"13 September, 2018",21681,professor,0
"18 September, 2018",21846,professor,2
"18 September, 2018",21871,professor,0
"18 September, 2018",21889,professor,1
"19 September, 2018",22004,professor,1
"20 September, 2018",22038,professor,1
"20 September, 2018",22070,professor,0
"20 September, 2018",22072,professor,0
"20 September, 2018",22074,professor,0
"20 September, 2018",22079,professor,0
"20 September, 2018",22083,professor,0
"20 September, 2018",22096,professor,0
"20 September, 2018",22102,professor,0
"20 September, 2018",22103,professor,0
"20 September, 2018",22105,professor,1
"21 September, 2018",22178,professor,0
"21 September, 2018",22181,professor,48
"21 September, 2018",22190,professor,1
"22 September, 2018",22211,professor,0
"25 September, 2018",22406,professor,0
"25 September, 2018",22414,professor,0
"26 September, 2018",22433,professor,0
"26 September, 2018",22436,professor,4
"26 September, 2018",22438,professor,0
"26 September, 2018",22439,professor,1
"26 September, 2018",22440,professor,0
"26 September, 2018",22445,professor,0
"26 September, 2018",22446,professor,0
"26 September, 2018",22447,professor,0
"26 September, 2018",22452,professor,0
"26 September, 2018",22461,professor,0
"26 September, 2018",22467,professor,0
"26 September, 2018",22470,professor,0
"26 September, 2018",22471,professor,1
"26 September, 2018",22472,professor,0
"26 September, 2018",22473,professor,0
"26 September, 2018",22474,professor,0
"26 September, 2018",22476,professor,0
"26 September, 2018",22477,professor,0
"27 September, 2018",22487,professor,0
"27 September, 2018",22501,professor,0
"27 September, 2018",22635,professor,0
"27 September, 2018",22639,professor,0
"28 September, 2018",22669,professor,0
"28 September, 2018",22675,professor,0
"28 September, 2018",22676,professor,0
"28 September, 2018",22678,professor,1
"28 September, 2018",22681,professor,0
"28 September, 2018",22682,professor,0
"28 September, 2018",22687,professor,1
"28 September, 2018",22710,professor,0
"1 October, 2018",22777,professor,0
"2 October, 2018",22793,professor,0
"2 October, 2018",22803,professor,1
"2 October, 2018",22805,professor,0
"3 October, 2018",22812,professor,0
"3 October, 2018",22816,professor,1
"3 October, 2018",22822,professor,4
"9 October, 2018",22857,professor,0
"9 October, 2018",22866,professor,0
"9 October, 2018",22867,professor,0
"9 October, 2018",22869,professor,0
"10 October, 2018",22871,professor,0
"10 October, 2018",22872,professor,0
"10 October, 2018",22878,professor,0
"10 October, 2018",22879,professor,1
"11 October, 2018",22894,professor,0
"12 October, 2018",22906,professor,0
"12 October, 2018",22908,professor,1
"15 October, 2018",22916,professor,0
"15 October, 2018",22917,professor,0
"15 October, 2018",22918,professor,0
"16 October, 2018",22926,professor,0
"16 October, 2018",22939,professor,1
"16 October, 2018",22941,professor,1
"16 October, 2018",22942,professor,1
"17 October, 2018",22947,professor,0
"17 October, 2018",22952,professor,0
"17 October, 2018",22953,professor,0
"17 October, 2018",22954,professor,0
"17 October, 2018",22955,professor,1
"17 October, 2018",22956,professor,0
"17 October, 2018",22959,professor,0
"17 October, 2018",22962,professor,0
"18 October, 2018",22964,professor,0
"18 October, 2018",22966,professor,1
"18 October, 2018",22968,professor,1
"18 October, 2018",22970,professor,0
"19 October, 2018",22976,professor,0
"20 October, 2018",22984,professor,0
"21 October, 2018",22985,professor,1
"22 October, 2018",22993,professor,0
"23 October, 2018",23065,professor,0
"23 October, 2018",23074,professor,0
"24 October, 2018",23170,professor,0
"24 October, 2018",23171,professor,0
"24 October, 2018",23174,professor,0
"24 October, 2018",23175,professor,0
"24 October, 2018",23176,professor,0
"24 October, 2018",23179,professor,1
"24 October, 2018",23195,professor,0
"25 October, 2018",23246,professor,0
"25 October, 2018",23258,professor,1
"25 October, 2018",23259,professor,1
"25 October, 2018",23266,professor,0
"25 October, 2018",23275,professor,0
"25 October, 2018",23284,professor,0
"26 October, 2018",23311,professor,0
"26 October, 2018",23314,professor,1
"27 October, 2018",23331,professor,0
"28 October, 2018",23352,professor,0
"29 October, 2018",23379,professor,2
"30 October, 2018",23416,professor,0
"30 October, 2018",23418,professor,5
"30 October, 2018",23428,professor,0
"31 October, 2018",23446,professor,1
"1 November, 2018",23529,professor,0
"2 November, 2018",23572,professor,1
"2 November, 2018",23575,professor,0
"3 November, 2018",23610,professor,1
"5 November, 2018",23698,professor,0
"5 November, 2018",23736,professor,0
"5 November, 2018",23738,professor,4
"5 November, 2018",23739,professor,0
"5 November, 2018",23747,professor,0
"6 November, 2018",23790,professor,0
"6 November, 2018",23791,professor,0
"6 November, 2018",23796,professor,0
"6 November, 2018",23799,professor,0
"7 November, 2018",23825,professor,0
"7 November, 2018",23832,professor,0
"8 November, 2018",23852,professor,0
"10 November, 2018",23868,professor,0
"13 November, 2018",23887,professor,0
"14 November, 2018",23891,professor,0
"14 November, 2018",23892,professor,1
"15 November, 2018",23912,professor,0
"16 November, 2018",23925,professor,0
"16 November, 2018",23929,professor,1
"16 November, 2018",23932,professor,0
"16 November, 2018",23935,professor,0
"16 November, 2018",23936,professor,0
"19 November, 2018",23964,professor,0
"20 November, 2018",23970,professor,0
"20 November, 2018",23974,professor,0
"20 November, 2018",23984,professor,0
"21 November, 2018",23994,professor,2
"21 November, 2018",24006,professor,2
"21 November, 2018",24008,professor,0
"21 November, 2018",24015,professor,0
"21 November, 2018",24019,professor,0
"22 November, 2018",24040,professor,0
"22 November, 2018",24042,professor,1
"22 November, 2018",24050,professor,0
"23 November, 2018",24063,professor,0
"24 November, 2018",24070,professor,2
"24 November, 2018",24072,professor,0
"27 November, 2018",24087,professor,0
"27 November, 2018",24088,professor,0
"27 November, 2018",24093,professor,0
"27 November, 2018",24100,professor,0
"27 November, 2018",24101,professor,1
"28 November, 2018",24106,professor,1
"28 November, 2018",24109,professor,0
"29 November, 2018",24112,professor,8
"29 November, 2018",24121,professor,0
"29 November, 2018",24122,professor,0
"29 November, 2018",24125,professor,0
"30 November, 2018",24138,professor,0
"1 December, 2018",24141,professor,1
"3 December, 2018",24145,professor,0
"3 December, 2018",24146,professor,0
"4 December, 2018",24161,professor,2
"4 December, 2018",24162,professor,0
"4 December, 2018",24163,professor,2
"4 December, 2018",24166,professor,1
"4 December, 2018",24168,professor,2
"6 December, 2018",24183,professor,0
"6 December, 2018",24184,professor,1
"6 December, 2018",24187,professor,0
"6 December, 2018",24188,professor,0
"6 December, 2018",24197,professor,0
"7 December, 2018",24201,professor,1
"7 December, 2018",24202,professor,0
"7 December, 2018",24207,professor,0
"10 December, 2018",24223,professor,1
"10 December, 2018",24229,professor,1
"13 December, 2018",24259,professor,1
"13 December, 2018",24267,professor,0
"14 December, 2018",24274,professor,0
"14 December, 2018",24276,professor,0
"14 December, 2018",24285,professor,0
"14 December, 2018",24288,professor,1
"14 December, 2018",24291,professor,0
"14 December, 2018",24297,professor,0
"17 December, 2018",24312,professor,2
"17 December, 2018",24313,professor,0
"17 December, 2018",24316,professor,0
"17 December, 2018",24320,professor,2
"17 December, 2018",24321,professor,1
"18 December, 2018",24366,professor,1
"18 December, 2018",24367,professor,1
"18 December, 2018",24371,professor,0
"19 December, 2018",24376,professor,3
"19 December, 2018",24377,professor,1
"19 December, 2018",24378,professor,0
"19 December, 2018",24379,professor,0
"19 December, 2018",24380,professor,0
"19 December, 2018",24381,professor,0
"19 December, 2018",24384,professor,0
"21 December, 2018",24416,professor,1
"21 December, 2018",24418,professor,1
"21 December, 2018",24419,professor,0
"28 December, 2018",24430,professor,0
"3 January, 2019",24442,professor,0
"3 January, 2019",24443,professor,1
"3 January, 2019",24471,professor,2
"3 January, 2019",24477,professor,0
"4 January, 2019",24481,professor,0
"4 January, 2019",24482,professor,1
"5 January, 2019",24488,professor,1
"7 January, 2019",24527,professor,0
"7 January, 2019",24560,professor,0
"7 January, 2019",24563,professor,0
"7 January, 2019",24567,professor,0
"7 January, 2019",24605,professor,0
"8 January, 2019",24662,professor,0
"9 January, 2019",24693,professor,1
"9 January, 2019",24696,professor,1
"10 January, 2019",24746,professor,1
"10 January, 2019",24779,professor,1
"11 January, 2019",24801,professor,1
"11 January, 2019",24803,professor,0
"14 January, 2019",24874,professor,2
"14 January, 2019",24915,professor,0
"15 January, 2019",24978,professor,0
"16 January, 2019",25016,professor,0
"16 January, 2019",25034,professor,0
"16 January, 2019",25066,professor,0
"16 January, 2019",25101,professor,0
"17 January, 2019",25164,professor,1
"18 January, 2019",25188,professor,0
"18 January, 2019",25204,professor,0
"21 January, 2019",25271,professor,0
"21 January, 2019",25272,professor,0
"21 January, 2019",25273,professor,0
"22 January, 2019",25454,professor,0
"22 January, 2019",25455,professor,0
"23 January, 2019",25525,professor,5
"24 January, 2019",25657,professor,1
"24 January, 2019",25661,professor,1
"24 January, 2019",25663,professor,0
"25 January, 2019",25682,professor,0
"25 January, 2019",25684,professor,0
"28 January, 2019",25899,professor,0
"29 January, 2019",25950,professor,0
"30 January, 2019",26053,professor,0
"31 January, 2019",26107,professor,1
"31 January, 2019",26118,professor,0
"3 February, 2019",26197,professor,0
"4 February, 2019",26210,professor,1
"4 February, 2019",26213,professor,1
"4 February, 2019",26228,professor,1
"5 February, 2019",26242,professor,0
"5 February, 2019",26265,professor,0
"5 February, 2019",26268,professor,0
"5 February, 2019",26270,professor,0
"6 February, 2019",26286,professor,0
"6 February, 2019",26287,professor,0
"6 February, 2019",26288,professor,0
"6 February, 2019",26289,professor,0
"6 February, 2019",26291,professor,0
"6 February, 2019",26292,professor,0
"6 February, 2019",26293,professor,0
"6 February, 2019",26294,professor,0
"6 February, 2019",26295,professor,0
"6 February, 2019",26297,professor,0
"6 February, 2019",26299,professor,0
"6 February, 2019",26300,professor,0
"6 February, 2019",26301,professor,0
"6 February, 2019",26302,professor,1
"6 February, 2019",26305,professor,0
"7 February, 2019",26323,professor,0
"8 February, 2019",26331,professor,0
"8 February, 2019",26332,professor,0
"11 February, 2019",26375,professor,0
"11 February, 2019",26401,professor,1
"11 February, 2019",26402,professor,0
"11 February, 2019",26403,professor,0
"11 February, 2019",26404,professor,0
"11 February, 2019",26414,professor,1
"12 February, 2019",26421,professor,0
"12 February, 2019",26422,professor,0
"12 February, 2019",26431,professor,1
"13 February, 2019",26447,professor,0
"13 February, 2019",26449,professor,0
"13 February, 2019",26451,professor,1
"13 February, 2019",26462,professor,0
"13 February, 2019",26476,professor,0
"14 February, 2019",26499,professor,0
"14 February, 2019",26500,professor,0
"15 February, 2019",26519,professor,0
"15 February, 2019",26520,professor,0
"15 February, 2019",26526,professor,0
"15 February, 2019",26531,professor,1
"19 February, 2019",26588,professor,0
"19 February, 2019",26594,professor,0
"20 February, 2019",26621,professor,0
"20 February, 2019",26622,professor,1
"20 February, 2019",26626,professor,0
"20 February, 2019",26638,professor,0
"20 February, 2019",26642,professor,0
"21 February, 2019",26664,professor,0
"21 February, 2019",26677,professor,0
"21 February, 2019",26689,professor,1
"21 February, 2019",26696,professor,0
"21 February, 2019",26702,professor,0
"22 February, 2019",26748,professor,0
"25 February, 2019",26921,professor,0
"25 February, 2019",26932,professor,0
"26 February, 2019",26982,professor,0
"26 February, 2019",26996,professor,0
"26 February, 2019",26997,professor,0
"27 February, 2019",27108,professor,0
"27 February, 2019",27109,professor,0
"27 February, 2019",27115,professor,1
"27 February, 2019",27122,professor,0
"27 February, 2019",27124,professor,0
"27 February, 2019",27125,professor,0
"27 February, 2019",27126,professor,0
"27 February, 2019",27158,professor,0
"28 February, 2019",27238,professor,0
"28 February, 2019",27247,professor,0
"28 February, 2019",27257,professor,0
"1 March, 2019",27339,professor,0
"1 March, 2019",27402,professor,0
"1 March, 2019",27423,professor,0
"1 March, 2019",27439,professor,4
"1 March, 2019",27443,professor,3
"1 March, 2019",27445,professor,0
"1 March, 2019",27453,professor,0